Team Id,Team Name,Candidate Type,Candidate's Name,Candidate's Email,Candidate's Mobile,Candidate's Gender,Country,Course Pursuing,Course Stream,Specialization,Year Of Study,Passing Out Year,Candidate's Organisation,Registration Time,Leader Name,Leader Email,Leader Phone,Leader College,Leader Year,Members
UT0V02H2,Quia eaque,team leader,Tiya Krishnamurthy,tiyakrishnamurthy@example.com,8421266071.0,M,India,Engineering,B.Tech/BE,Computer Science,First Year,2027.0,"Amity University (AU), Gwalior, Madhya Pradesh",2024-02-24 21:21:08,,,,,,
UQI949V6,Ab eius,team member,Krish Madan,krishmadan@example.com,4823927726.0,M,India,Engineering,B.Tech/BE,Computer Science,Third Year,2025.0,Sister Nivedita University (SNU),2024-02-24 22:04:56,,,,,,
UQI949V6,Ab eius,team member,Shlok Varughese,shlokvarughese@example.com,2196306734.0,M,India,Engineering,B.Tech/BE,Computer Science,First Year,2025.0,"Indian Institute of Technology (IIT), Patna",2024-02-24 22:04:56,,,,,,
UQI949V6,Ab eius,team leader,Aaryahi Gara,aaryahigara@example.com,9207423064.0,M,India,Engineering,B.Tech/BE,Computer Science,Third Year,2025.0,Sister Nivedita University (SNU),2024-02-24 22:03:42,,,,,,
U486J3FV,Illo impedit,team leader,Ahana  Gokhale,ahanagokhale@example.com,5318661231.0,M,India,,,,,,Ms Enterprise,2024-02-24 22:15:45,,,,,,
UQ2F9S53,Ex sapiente,team leader,Anahi Varghese,anahivarghese@example.com,912336154745.0,F,India,,,,,,"Subodh Public School, Rambagh, Jaipur",2024-02-24 23:28:36,,,,,,
US7D3J53,Labore aliquid,team leader,Eshani Kunda,eshanikunda@example.com,8716251234.0,M,India,,,,,2022.0,Ramanand Arya D.A.V. College,2024-02-25 0:11:06,,,,,,
UZ6Q50L1,Cupiditate accusamus,team leader,Ivana Baria,ivanabaria@example.com,7951352026.0,F,India,Engineering,B.Tech/BE,Computer Science,Third Year,2025.0,"Vignan's Institute of Information Technology, Andhra Pradesh",2024-02-25 7:56:25,,,,,,
U587XYP7,Distinctio fugit,team leader,Zeeshan Shetty,zeeshanshetty@example.com,9450753210.0,F,India,Engineering,B.Tech/BE,Computer Science,Third Year,2025.0,"Vignan's Institute of Information Technology, Andhra Pradesh",2024-02-25 8:47:13,,,,,,
UE3XM085,Repellendus at,team leader,Ira Baral,irabaral@example.com,916378372357.0,M,India,Engineering,B.Tech/BE,,,2023.0,"Ajay Kumar Garg Engineering College (AKGEC), Ghaziabad",2024-02-25 8:53:51,,,,,,
UE3XM085,Repellendus at,team member,Reyansh Grewal,reyanshgrewal@example.com,913527441263.0,M,India,Engineering,B.Tech/BE,Electronics and Communication,,2023.0,"Ajay Kumar Garg Engineering College (AKGEC), Ghaziabad",2024-02-25 8:56:41,,,,,,
UWXR5765,Aperiam eaque,team leader,Shalv Chakraborty,shalvchakraborty@example.com,6839250990.0,M,India,Engineering,B.Tech/BE,Electronics and Communication,First Year,2027.0,"Govind Ballabh Pant Engineering College, Pauri (GBPEC)",2024-02-25 9:28:02,,,,,,
U746I7EV,Velit quae,team leader,Tanya Chawla,tanyachawla@example.com,5756579507.0,F,India,Engineering,B.Tech/BE,Computer Science,Third Year,2025.0,"Vignan's Institute of Information Technology (VIIT), Duvvada, Visakhapatnam",2024-02-25 9:33:17,,,,,,
UTA4790P,Totam quos,team leader,Arnav Saraf,arnavsaraf@example.com,8294195498.0,M,India,"Arts, Science & Commerce",Company Secretary,Commerce,Second Year,2026.0,Institute of Company Secretaries of India,2024-02-25 9:47:41,,,,,,
U1DA6S40,Doloremque voluptas,team leader,Ayesha Barman,ayeshabarman@example.com,5976726424.0,F,India,Engineering,B.Tech/BE,Computer Science,Third Year,2025.0,"Vignan's Institute of Information Technology, Andhra Pradesh",2024-02-25 10:17:00,,,,,,
U293FT2P,Consequuntur corporis,team member,Amira Sidhu,amirasidhu@example.com,917097859778.0,M,India,Engineering,B.Tech/BE,Computer Science,Second Year,2026.0,"Sambalpur University Institute of Information Technology (SUIIT), Sambalpur University",2024-02-26 13:11:57,,,,,,
U293FT2P,Consequuntur corporis,team leader,Saira Sharma,sairasharma@example.com,918518779124.0,M,India,Engineering,B.Tech/BE,Computer Science,Second Year,2026.0,"Sambalpur University Institute of Information Technology (SUIIT), Sambalpur University",2024-02-25 11:07:36,,,,,,
U9TP096W,Vero nobis,team leader,Kiara Tata,kiaratata@example.com,2706296979.0,F,India,Management,2nd-Year MBA,General Management,First Year,2025.0,"MET Institute of Management (MET), Mumbai",2024-02-25 11:34:26,,,,,,
UL9U09D5,Ea possimus,team leader,Mohanlal Bhandari,mohanlalbhandari@example.com,5415737328.0,M,India,Engineering,B.Tech/BE,Computer Science,Fourth Year,2024.0,"VSM's Somashekhar R Kothiwale Institute of Technology, Nipani, Karnataka",2024-02-25 11:56:03,,,,,,
U7T83Y2P,Provident sint,team leader,Tarini Comar,tarinicomar@example.com,346861169.0,M,India,Management,BBA (Graduation),Sales & MarketingÂ Management,Second Year,2025.0,"Chhatrapati Shahu Ji Maharaj University (CSJMU), Kanpur",2024-02-25 12:05:30,,,,,,
UC87A18P,Rem adipisci,team leader,Urvi Ben,urviben@example.com,6364759102.0,M,India,Engineering,B.Tech/BE,Computer Science,,2022.0,"Accurate Institute of Management And Technology (AIMT), Greater Noida",2024-02-25 13:46:47,,,,,,
U94WZ45O,Doloremque nostrum,team leader,Shayak Chanda,shayakchanda@example.com,3059126052.0,M,India,Engineering,B.Tech/BE,Computer Science,Second Year,2026.0,"Sambalpur University Institute of Information Technology (SUIIT), Sambalpur University",2024-02-25 14:40:54,,,,,,
U1F01M3T,Soluta iusto,team leader,Anay Anne,anayanne@example.com,3870317061.0,M,India,Management,2nd-Year MBA,HumanÂ ResourceÂ (HR)Â Management,,2023.0,"Dr. Bhimrao Ambedkar University (DBAU), Agra, Uttar Pradesh",2024-02-25 14:45:06,,,,,,
U536E7AM,Numquam dolor,team leader,Prerak Salvi,preraksalvi@example.com,919945147871.0,M,India,Engineering,B.Tech/BE,Chemical,Second Year,2026.0,Jadavpur University,2024-02-25 14:53:56,,,,,,
UGI9815D,Quidem,team leader,Ryan Gera,ryangera@example.com,4729572722.0,M,India,Engineering,B.Tech/BE,Chemical,Second Year,2026.0,Jadavpur University,2024-02-25 14:56:44,,,,,,
U7GO9U68,Possimus aliquam,team leader,Fateh Tandon,fatehtandon@example.com,689379580.0,M,India,Management,2nd-Year MBA,Sales & MarketingÂ Management,First Year,2025.0,"Symbiosis Centre for Management and Human Resource Development (SCMHRD), Pune",2024-02-25 14:59:57,,,,,,
U36WQ85K,Doloribus,team member,Krish Bose,krishbose@example.com,2949001007.0,F,India,Engineering,B.Tech/BE,Computer Science,Second Year,2026.0,"Samrat Ashok Technological Institute, Vidisha (M.P.)",2024-02-25 17:25:44,,,,,,
U36WQ85K,Doloribus,team member,Tanya Trivedi,tanyatrivedi@example.com,3559235557.0,F,India,Engineering,B.Tech/BE,Computer Science,Second Year,2026.0,"Samrat Ashok Technological Institute, Vidisha (M.P.)",2024-02-25 17:25:44,,,,,,
U36WQ85K,Doloribus,team leader,Sahil Subramaniam,sahilsubramaniam@example.com,916396796032.0,F,India,Engineering,B.Tech/BE,Computer Science,Second Year,2026.0,"Samrat Ashok Technological Institute, Vidisha (M.P.)",2024-02-25 17:22:10,,,,,,
U23K1S1L,Impedit aliquam,team leader,Dhanuk Hayer,dhanukhayer@example.com,911974186460.0,M,India,"Arts, Science & Commerce",M. Com,General,Second Year,2024.0,Berhampur University,2024-02-25 20:47:50,,,,,,
UN6Q556L,Maxime quos,team leader,Aniruddh Chander,aniruddhchander@example.com,7924270076.0,M,India,Engineering,B.Tech/BE,Computer Science,Fourth Year,2024.0,Dr. APJ Abdul Kalam Technical University,2024-02-25 21:22:57,,,,,,
UN6Q556L,Maxime quos,team member,Yuvraj  Bali,yuvrajbali@example.com,910807677717.0,F,India,Engineering,Master of Computer Applications,Computer Science,First Year,2025.0,"PES Institute of Technology (PESIT), PES University, Bangalore",2024-03-02 13:50:52,,,,,,
UN6Q556L,Maxime quos,team member,Lavanya Kanda,lavanyakanda@example.com,5532138176.0,F,India,Engineering,B.Tech/BE,Computer Science,Second Year,2026.0,"Birla Institute of Technology (BIT), Deoghar",2024-02-29 7:37:39,,,,,,
UTOJ6660,Nam deleniti,team leader,Hazel Mane,hazelmane@example.com,9865906390.0,M,India,Engineering,B.Tech/BE,Electrical,Third Year,2025.0,"Jadavpur University (JU), Kolkata",2024-02-25 21:34:51,,,,,,
UG8D21H6,Voluptates error,team leader,Anya Mane,anyamane@example.com,3649241486.0,M,India,"Arts, Science & Commerce",B. A.,Bachelor of Arts (B.A.),First Year,2026.0,"Jwala Devi Mahavidyalay Retahi, Manikpur, Kunda Pratapgrah",2024-02-25 23:10:56,,,,,,
UCS57L21,Autem,team leader,Pranay Yogi,pranayyogi@example.com,914611162072.0,M,India,,,,,2023.0,"Mumbai University (MU), Mumbai",2024-02-26 0:05:24,,,,,,
U283CO1W,Exercitationem accusamus,team leader,Ira Borde,iraborde@example.com,8879823635.0,M,India,Engineering,Integrated/Dual Degree,Information Technology,Third Year,2026.0,IIT,2024-02-26 1:19:21,,,,,,
UE93GD62,Dignissimos amet,team leader,Arhaan Tandon,arhaantandon@example.com,65557455.0,M,India,Engineering,B.Tech/BE,Computer Science,Second Year,2026.0,"Sambalpur University Institute of Information Technology (SUIIT), Sambalpur University",2024-02-26 13:03:39,,,,,,
UE93GD62,Dignissimos amet,team member,Arhaan Bose,arhaanbose@example.com,4507988808.0,M,India,Engineering,B.Tech/BE,Computer Science,Second Year,2026.0,"Sambalpur University Institute of Information Technology (SUIIT), Sambalpur University",2024-02-26 13:30:13,,,,,,
UD70XY25,Nesciunt necessitatibus,team leader,Samarth Sibal,samarthsibal@example.com,1244251576.0,F,India,Engineering,B.Tech/BE,Computer Science,Fourth Year,2024.0,"Dr. Vishwanath Karad MIT World Peace University (MIT-WPU), Pune",2024-02-26 15:38:55,,,,,,
UGL3659S,Quaerat quos,team leader,Ritvik Walia,ritvikwalia@example.com,917233372529.0,M,India,Engineering,B.Tech/BE,Computer Science,Second Year,2026.0,"United College Of Engineering and Research (UCER), Allahabad",2024-02-26 15:58:01,,,,,,
UU20K4F9,Ducimus fugit,team leader,Jayant Shan,jayantshan@example.com,915274595604.0,M,India,Engineering,B.Tech/BE,Dairy Technology,Third Year,2025.0,WBUAFS,2024-02-26 18:09:56,,,,,,
U44D9A4Y,Culpa eos,team leader,Vedika Swamy,vedikaswamy@example.com,5272516645.0,F,India,Engineering,B.Tech/BE,Computer Science,Second Year,2026.0,"MITWPU Department of Computer Engineering, Pune, Maharashtra",2024-02-26 19:11:04,,,,,,
U2H437VU,Distinctio asperiores,team leader,Raghav Raju,raghavraju@example.com,911966210587.0,M,India,BS- Bechelor Of Science,BS- Bechelor Of Science,Bachelor of Science (B.Sc),Third Year,2027.0,"Indian Institute of Technology (IIT), Kharagpur",2024-02-26 19:41:12,,,,,,
U5Q577WX,Cul dignissimos,team leader,Rhea Reddy,rheareddy@example.com,910111625776.0,M,India,"Arts, Science & Commerce",B. Sc,Computer Science,Third Year,2024.0,"Vellore Institute of Technology (VIT), Vellore",2024-02-27 1:05:15,,,,,,
U0B1GV34,Dicta,team leader,Zoya Swaminathan,zoyaswaminathan@example.com,917418534301.0,M,India,DIPLOMA,,,,2026.0,"Dr. Vishwanath Karad MIT World Peace University (MIT-WPU), Pune",2024-02-27 12:02:00,,,,,,
UW955HU6,Possimus enim,team leader,Kimaya Hayer,kimayahayer@example.com,7675223620.0,M,India,Management,BBA (Graduation),Not Applicable (N/A),Third Year,2024.0,"St, Vincent Pallotti College, Raipur",2024-02-28 0:12:41,,,,,,
U5JVD629,Iure vitae,team leader,Dhruv Lad,dhruvlad@example.com,919186563057.0,M,India,Engineering,B.Tech/BE,Computer Science,Fourth Year,2024.0,Einstein academy of technology and management,2024-02-29 13:13:44,,,,,,
UVF97J40,Quibusdam illum,team leader,Ishaan Toor,ishaantoor@example.com,917870667173.0,M,India,Engineering,B.Tech/BE,Chemical,Second Year,2026.0,"Jadavpur University (JU), Kolkata",2024-02-29 16:31:40,,,,,,
UTUV7125,Saepe esse,team leader,Rati Subramanian,ratisubramanian@example.com,4181398738.0,M,India,Management,2nd-Year MBA,OperationsÂ Management,,2026.0,Vidyasagar Evening College,2024-02-29 18:42:46,,,,,,
U7HS4J15,Ut,team leader,Elakshi Grewal,elakshigrewal@example.com,917011441469.0,M,India,"Arts, Science & Commerce",B. Sc,IT (information technology),Third Year,2024.0,"Dr. GY Pathrikar College of CS & IT, Aurangabad, Maharashtra",2024-02-29 21:28:11,,,,,,
UHY904Q9,Itaque quidem,team leader,Emir Grover,emirgrover@example.com,4227056161.0,M,India,Engineering,B.Tech/BE,Computer Science,Third Year,2025.0,"JSS Academy of Technical Education (JSSATE), Noida",2024-03-01 2:54:07,,,,,,
U26TZ04G,Ratione sint,team leader,Jhanvi Joshi,jhanvijoshi@example.com,919904006736.0,F,India,Management,BBA (Graduation),HumanÂ ResourceÂ (HR)Â Management,Third Year,2024.0,"Arka Jain University (AJU), Jamshedpur",2024-03-02 11:16:46,,,,,,
UB574I9N,Amet incidunt,team member,Ritvik Amble,ritvikamble@example.com,9963146026.0,M,India,Engineering,B.Tech/BE,Information Technology,Second Year,2026.0,"Jadavpur University (JU), Kolkata",2024-03-03 11:51:23,,,,,,
UB574I9N,Amet incidunt,team leader,Vidur Mandal,vidurmandal@example.com,5713506290.0,M,India,Engineering,B.Tech/BE,Information Technology,Second Year,2026.0,"Jadavpur University (JU), Kolkata",2024-03-03 11:48:38,,,,,,
UB574I9N,Amet incidunt,team member,Ishaan Mani,ishaanmani@example.com,3100323094.0,M,India,Engineering,B.Tech/BE,Information Technology,Second Year,2026.0,"Jadavpur University (JU), Kolkata",2024-03-03 11:51:23,,,,,,
U17Y61RV,Eaque similique,team leader,Heer Lanka,heerlanka@example.com,85011221.0,M,India,Data Science,Data Science,,Second Year,2025.0,"Indian Institute of Technology (IIT), Madras",2024-03-03 15:54:53,,,,,,
UX454KS3,Unde porro,team member,Mehul Venkataraman,mehulvenkataraman@example.com,913854164357.0,M,India,Engineering,B.Tech/BE,Computer Science,First Year,2027.0,"Jadavpur University (JU), Kolkata",2024-03-04 19:58:59,,,,,,
UX454KS3,Unde porro,team member,Bhavin Chaudhari,bhavinchaudhari@example.com,7326016811.0,M,India,Engineering,B.Tech/BE,Production,First Year,2027.0,"Jadavpur University (JU), Kolkata",2024-03-04 19:58:59,,,,,,
UX454KS3,Unde porro,team leader,Divit Majumdar,divitmajumdar@example.com,913558432334.0,F,India,Engineering,B.Tech/BE,Electronics and Communication,First Year,2027.0,"Jadavpur University (JU), Kolkata",2024-03-04 19:58:50,,,,,,
U91T2GR4,Error perspiciatis,team leader,Seher Wali,seherwali@example.com,919120827482.0,F,India,Engineering,B.Tech/BE,Artificial Intelligence and Data Science,First Year,2027.0,"Government College of Engineering, Ratnagiri",2024-03-05 20:21:35,,,,,,
U1P3D36O,Inventore,team leader,Alisha Walia,alishawalia@example.com,3749003492.0,M,India,Engineering,B.Tech/BE,Chemical,Second Year,2026.0,"Rajiv Gandhi Institute of Petroleum Technology (RGIPT), Jais, Uttar Pradesh",2024-03-06 20:18:31,,,,,,
U1P3D36O,Inventore,team member,Madhav Ratta,madhavratta@example.com,918238157337.0,M,India,Engineering,B.Tech/BE,Information Technology,Second Year,2026.0,"Rajiv Gandhi Institute of Petroleum Technology (RGIPT), Jais, Uttar Pradesh",2024-03-06 20:18:37,,,,,,
UX4446IY,Mollitia unde,team leader,Purab Tailor,purabtailor@example.com,4331718106.0,M,India,Engineering,B.Tech/BE,Electrical,Third Year,2025.0,"Sant Longowal Institute of Engineering and Technology, Longowal, Punjab",2024-03-07 0:01:51,,,,,,
UX4446IY,Mollitia unde,team member,Vedika Sha,vedikasha@example.com,916880598698.0,M,India,Engineering,B.Tech/BE,Electrical,Third Year,2025.0,"Sant Longowal Institute of Engineering and Technology, Longowal, Punjab",2024-03-07 0:01:58,,,,,,
U9F2Y27G,Fuga voluptas,team leader,Anahita Ramachandran,anahitaramachandran@example.com,912412274229.0,M,India,Engineering,B.Tech/BE,Computer Science,First Year,2027.0,"Nirma University, Ahmedabad",2024-03-09 21:05:58,,,,,,
UZS9296O,Quidem dolore,team leader,Yuvraj  Apte,yuvrajapte@example.com,7150285555.0,M,India,Management,1st-Year MBA,General Management,,2025.0,Xavier School of Management,2024-03-10 8:53:33,,,,,,
UNP16R02,Veniam distinctio,team leader,Vedika Borde,vedikaborde@example.com,915131535796.0,F,India,Engineering,B.Tech/BE,Computer Science,Third Year,2025.0,"J.C. Bose University of Science and Technology, YMCA, Faridabad",2024-03-10 9:58:55,,,,,,
U567PM0B,Perferendis quia,team leader,Misha Majumdar,mishamajumdar@example.com,910632445985.0,M,India,Engineering,B.Tech/BE,Data Science,Second Year,2026.0,"Heritage Institute of Technology (HIT), Kolkata",2024-03-11 19:08:15,,,,,,
U356ZJS6,Volestias ad,team leader,Indrajit Sridhar,indrajitsridhar@example.com,911632816343.0,M,India,Engineering,B.Tech/BE,Mechanical,Fourth Year,2024.0,"Ramkrishna Mahato Government Engineering College, Purulia",2024-03-11 23:39:06,,,,,,
UW023F3M,A culque,team leader,Zara Grewal,zaragrewal@example.com,1163093259.0,M,India,,,,,,Mahendra Educational Pvt. Ltd.,2024-03-12 10:47:04,,,,,,
U1X9S8K7,Aspernatur eaque,team member,Stuvan Solanki,stuvansolanki@example.com,4340497264.0,M,India,Engineering,B.Tech/BE,Information Technology,Second Year,2026.0,"Jadavpur University (JU), Kolkata",2024-03-13 17:15:17,,,,,,
U1X9S8K7,Aspernatur eaque,team leader,Zeeshan Dalal,zeeshandalal@example.com,5618613191.0,M,India,Engineering,B.Tech/BE,Information Technology,Second Year,2026.0,"Jadavpur University (JU), Kolkata",2024-03-13 16:34:25,,,,,,
U1X9S8K7,Aspernatur eaque,team member,Kabir Bakshi,kabirbakshi@example.com,914724113859.0,M,India,Engineering,B.Tech/BE,Information Technology,Second Year,2026.0,"Jadavpur University (JU), Kolkata",2024-03-14 1:58:16,,,,,,
U117BFO3,Nam earum,team leader,Ayesha Mahal,ayeshamahal@example.com,911307895716.0,M,India,Engineering,B.Tech/BE,Mining Engineering,Fourth Year,2024.0,Indian Institute of Technology (Indian School of Mines),2024-03-14 10:50:12,,,,,,
U484JW6M,Quis voluptate,team leader,Kashvi Kala,kashvikala@example.com,7650015512.0,M,India,Engineering,B.Tech/BE,Computer Science,Fourth Year,2024.0,"Pranveer Singh Institute of Technology (PSIT), Kanpur",2024-03-14 10:57:21,,,,,,
UQ74E2H5,Sint eveniet,team leader,Biju Dada,bijudada@example.com,3206760019.0,F,India,Engineering,B.Tech/BE,Computer Science,Fourth Year,2024.0,"Global Nature Care Sangathan Group of Institutions (GNCSGI), Jabalpur, Madhya Pradesh",2024-03-14 11:08:06,,,,,,
U1Y79WX9,Ullam quaerat,team leader,Ishaan Sidhu,ishaansidhu@example.com,911020496734.0,M,India,Engineering,B.Tech/BE,Data Science,Third Year,2025.0,"Fabtech Technical Campus (FTC), Sangola, Maharashtra",2024-03-14 11:08:31,,,,,,
ULWD5329,Unde voluptates,team leader,Pari Lall,parilall@example.com,912582322709.0,M,India,Engineering,B.Tech/BE,Computer Science,Third Year,2025.0,"Dr. D.Y. Patil Institute of Technology Pimpri, Pune",2024-03-14 11:11:20,,,,,,
UN8UR582,Est unde,team leader,Ranbir Tata,ranbirtata@example.com,7819401491.0,F,India,Engineering,B.Tech/BE,Computer Science,Third Year,2025.0,"Pranveer Singh Institute of Technology (PSIT), Kanpur",2024-03-14 11:19:02,,,,,,
U6657IXR,Aliquid maiores,team leader,Krish Ganesh,krishganesh@example.com,5241954524.0,M,India,Engineering,B.Tech/BE,Information Technology,Third Year,2025.0,"Ajay Kumar Garg Engineering College (AKGEC), Ghaziabad",2024-03-14 11:33:13,,,,,,
UZ3EA240,Illo culpa,team leader,Divij Dalal,divijdalal@example.com,8057582205.0,M,India,Engineering,B.Tech/BE,Computer Science,Third Year,2025.0,"Sankalchand Patel College of Engineering (SPCE), Visnagar, Gujarat",2024-03-14 11:34:15,,,,,,
U914KRP1,Quibusdam quibusdam,team leader,Krish Master,krishmaster@example.com,915336803329.0,F,India,Engineering,B.Tech/BE,Computer Science,Fourth Year,2024.0,"SJB Institute of Technology (SJBIT), Bengaluru",2024-03-14 11:47:53,,,,,,
UWG1176L,Magnam aut,team leader,Sahil Rama,sahilrama@example.com,4742940547.0,F,India,Engineering,B.Tech/BE,Computer Science,Fourth Year,2024.0,"Visvesvariya Technology University, Belgaum",2024-03-14 12:00:42,,,,,,
UX3U1R21,Dicta quaerat,team leader,Zoya Bassi,zoyabassi@example.com,913188983610.0,M,India,,,,,2023.0,"Amrita School of Engineering (ASE), Bangalore",2024-03-14 12:17:45,,,,,,
UH5433MR,Quae exercitationem,team leader,Jayant Dhillon,jayantdhillon@example.com,7976527791.0,M,India,Engineering,B.Tech/BE,Electrical,Second Year,2026.0,"Gaya College of Engineering (GCE), Gaya",2024-03-14 12:19:07,,,,,,
U64R2QT7,Sint earum,team leader,Shray Dhillon,shraydhillon@example.com,2660588338.0,M,India,Engineering,B.Tech/BE,Electronics and Communication,Third Year,2025.0,"Aditya Engineering College (AEC), Andhra Pradesh",2024-03-14 12:30:59,,,,,,
UV42KH42,Recusandae eaque,team leader,Sara Chaudhary,sarachaudhary@example.com,919264505465.0,M,India,Engineering,B.Tech/BE,Computer Science,Second Year,2026.0,"Brainware University, Kolkata",2024-03-14 13:20:21,,,,,,
U7S3AZ59,Fugiat dignissimos,team leader,Rhea Srinivas,rheasrinivas@example.com,878999037.0,M,India,Engineering,B.Tech/BE,Computer Science,Fourth Year,2024.0,"Godavari Institute of Engineering and Technology, AP",2024-03-14 14:01:01,,,,,,
U331PX8S,Iure eum,team leader,Divyansh Deo,divyanshdeo@example.com,4378398784.0,F,India,Engineering,B.Tech/BE,Computer Science,Fourth Year,2024.0,"Global Nature Care Sangathan Group of Institutions (GNCSGI), Jabalpur, Madhya Pradesh",2024-03-14 14:12:13,,,,,,
U25E2D8P,Sapiente eveniet,team leader,Jayesh Jani,jayeshjani@example.com,917509276360.0,F,India,Engineering,B.Tech/BE,Electronics and Communication,Fourth Year,2024.0,Gouthami institute of technology and management for women,2024-03-14 14:36:11,,,,,,
U6RGC654,Sunt perferendis,team leader,Ishita Mani,ishitamani@example.com,915305823821.0,M,India,Engineering,B.Tech/BE,Computer Science,Third Year,2025.0,"Pranveer Singh Institute of Technology (PSIT), Kanpur",2024-03-14 15:11:20,,,,,,
U9EJ77H7,Reiciendis hic,team leader,Gokul Bhalla,gokulbhalla@example.com,914245666816.0,M,India,Engineering,B.Tech/BE,Information Technology,Second Year,2026.0,"Government Engineering College (GEC), Bilaspur",2024-03-14 15:11:40,,,,,,
U7V9D89G,Eligendi,team leader,Mannat Ratta,mannatratta@example.com,8223359188.0,F,India,Engineering,B.Tech/BE,Computer Science,Third Year,2025.0,"SR University, Warangal",2024-03-14 18:57:25,,,,,,
U20KMT79,Ducimus inventore,team leader,Zaina Rout,zainarout@example.com,3343807270.0,M,India,Engineering,B.Tech/BE,Computer Science,Fourth Year,2024.0,"Jain University (JU), Bangalore",2024-03-14 19:40:02,,,,,,
U5D5PM63,Quia laboriosam,team leader,Urvi Dayal,urvidayal@example.com,913517465084.0,M,India,Engineering,B.E.,Computer Science,Third Year,2025.0,"Acharya Institute of Technology (AIT), Bangalore",2024-03-14 21:31:43,,,,,,
U2T59CG8,Sequi perferendis,team leader,Seher Rajan,seherrajan@example.com,6156709871.0,M,India,Engineering,B.Tech/BE,Computer Science,First Year,2027.0,"ITER, SOA UNIVERSITY",2024-03-14 23:46:59,,,,,,
UBEV7173,Minus quos,team leader,Indrajit Madan,indrajitmadan@example.com,1121200558.0,F,India,Engineering,B.Tech/BE,Information Technology,Fourth Year,2024.0,"Vasireddy Venkatadri Institute of Technology, Namburu, Andhra Pradesh",2024-03-16 21:30:34,,,,,,
U6ET69L6,Neque tenetur,team leader,Mishti Tandon,mishtitandon@example.com,918017009016.0,M,India,,,,,2023.0,"Rampurhat College, Rampurhat, West Bengal",2024-03-17 20:57:17,,,,,,
U09QDE33,Iste quisquam,team leader,Saira Wali,sairawali@example.com,7963801451.0,M,India,"Arts, Science & Commerce",B. A.,General,Third Year,2024.0,"Rampurhat College, Rampurhat, West Bengal",2024-03-17 20:59:04,,,,,,
URF48D64,Doloremque ut,team leader,Bhavin Bala,bhavinbala@example.com,5921133674.0,F,India,Engineering,B.Tech/BE,Information Technology,Third Year,2025.0,"Techno Main Salt Lake, Kolkata, West Bengal",2024-03-17 22:33:41,,,,,,
U6DT921Q,Hic nulla,team leader,Nirvi Goswami,nirvigoswami@example.com,908778388.0,M,India,Engineering,B.Tech/BE,Computer Science,Third Year,2025.0,"Techno Main Salt Lake, Kolkata, West Bengal",2024-03-17 22:36:48,,,,,,
,Quasi,,,,,,,,,,,,,,Farhan Ramesh,farhanramesh@example.com,9378726098.0,JADAVPUR UNIVERSITY,1.0,"farhanramesh@example.com, samarthtella@example.com"
,Quod facilis,,,,,,,,,,,,,,Emir Sankaran,emirsankaran@example.com,7142657970.0,Jadavpur University,4.0,emirsankaran@example.com
,Culque deserunt,,,,,,,,,,,,,,Aaryahi Sule,aaryahisule@example.com,5396756934.0,Jadavpur University ,2.0,aaryahisule@example.com
,Nesciunt,,,,,,,,,,,,,,Riaan Dave,riaandave@example.com,918530403071.0,University of calcutta,2.0,"riaandave@example.com, vivaansathe@example.com, daminilall@example.com"
,Architecto neque,,,,,,,,,,,,,,Prerak Sant,preraksant@example.com,6732270572.0,Jadavpur University,4.0,"preraksant@example.com, siyajayaraman@example.com"
,Aspernatur harum,,,,,,,,,,,,,,Samar Mandal,samarmandal@example.com,3558241866.0,RCCIIT,1.0,samarmandal@example.com
,Sapiente eius,,,,,,,,,,,,,,Riaan Sani,riaansani@example.com,4307050694.0,JIS COLLEGE OF ENGINEERING ,1.0,riaansani@example.com
,Modi,,,,,,,,,,,,,,Aaina Doctor,aainadoctor@example.com,4333637794.0,Jadavpur University ,3.0,aainadoctor@example.com
,Eveniet ipsa,,,,,,,,,,,,,,Uthkarsh Chhabra,uthkarshchhabra@example.com,912706700399.0,Jadavpur University ,1.0,"uthkarshchhabra@example.com, dhanukagarwal@example.com"
,Quo,,,,,,,,,,,,,,Amira Desai,amiradesai@example.com,354371597.0,Jadavpur University,2.0,"amiradesai@example.com, hunarbhagat@example.com"
,Iure,,,,,,,,,,,,,,Zara Cherian,zaracherian@example.com,915449369251.0,Jalpaiguri Government Engineering College,1.0,"zaracherian@example.com, divijsehgal@example.com, sakshammaster@example.com"
,Saepe perferendis,,,,,,,,,,,,,,Kanav Chacko,kanavchacko@example.com,674571534.0,Jadavpur University,1.0,kanavchacko@example.com
,Ullam temporibus,,,,,,,,,,,,,,Kiaan Sodhi,kiaansodhi@example.com,2340102766.0,Jadavpur University,1.0,"kiaansodhi@example.com, taragaba@example.com"
,Aliquid,,,,,,,,,,,,,,Advika Singh,advikasingh@example.com,918196499626.0,Jadavpur university,1.0,"advikasingh@example.com, zaravasa@example.com, aarnachokshi@example.com"
,Nesciunt alias,,,,,,,,,,,,,,Aarna Kata,aarnakata@example.com,7887641418.0,Jadavpur University,2.0,"aarnakata@example.com, piyalal@example.com, hazelcherian@example.com"
,Nihil a,,,,,,,,,,,,,,Ivana Chandra,ivanachandra@example.com,914029365757.0,Heritage Institute of Technology ,1.0,"ivanachandra@example.com, daminiravel@example.com"
,Inventore illo,,,,,,,,,,,,,,Riya Dayal,riyadayal@example.com,8428318379.0,jadavpur university,2.0,"riyadayal@example.com, tanyaroy@example.com"
,Ipsa,,,,,,,,,,,,,,Kabir Buch,kabirbuch@example.com,4600534849.0,Jadavpur University ,3.0,"kabirbuch@example.com, armaanchokshi@example.com"
,Recusandae fuga,,,,,,,,,,,,,,Miraya Rajan,mirayarajan@example.com,910381717236.0,Jadavpur University ,1.0,"mirayarajan@example.com, sahilsood@example.com"
,Autem blanditiis,,,,,,,,,,,,,,Jiya Srivastava,jiyasrivastava@example.com,2139726853.0,Jadavpur University ,1.0,"jiyasrivastava@example.com, vivaankuruvilla@example.com, kanavd’alia@example.com"
,Aspernatur consectetur,,,,,,,,,,,,,,Lavanya Hayre,lavanyahayre@example.com,911508404903.0,Jadavpur University ,3.0,"lavanyahayre@example.com, nehmatsagar@example.com"
,Ullam,,,,,,,,,,,,,,Siya Shukla,siyashukla@example.com,3283538997.0,JU,2.0,"siyashukla@example.com, sanadhingra@example.com"
,Incidunt,,,,,,,,,,,,,,Mishti Mall,mishtimall@example.com,913470163634.0,Jadavpur University,3.0,"mishtimall@example.com, ojaschauhan@example.com"
,Mollitia,,,,,,,,,,,,,,Vivaan Sinha,vivaansinha@example.com,6813668180.0,University of Calcutta,1.0,"vivaansinha@example.com, dhanushdayal@example.com, lakshitkumer@example.com"
,Quo et,,,,,,,,,,,,,,Uthkarsh Swaminathan,uthkarshswaminathan@example.com,895524744.0,Jadavpur University,2.0,"uthkarshswaminathan@example.com, jivinsarin@example.com"
,Eum corrupti,,,,,,,,,,,,,,Yuvraj  Mahal,yuvrajmahal@example.com,4538934671.0,Heritage Institute of Technology ,1.0,"yuvrajmahal@example.com, jayeshverma@example.com"
,Eaque eligendi,,,,,,,,,,,,,,Neelofar D’Alia,neelofardalia@example.com,917150559050.0,Jadavpur University,2.0,"neelofardalia@example.com, samihakakar@example.com, kartikthaman@example.com"
,Enim sequi,,,,,,,,,,,,,,Kartik Khatri,kartikkhatri@example.com,916765567574.0,Jadavpur University,2.0,kartikkhatri@example.com
,Hic minima,,,,,,,,,,,,,,Neelofar Shan,neelofarshan@example.com,6875628284.0,Jadavpur University,1.0,"neelofarshan@example.com, amiramangal@example.com, urvibhargava@example.com"
,Nesciunt doloribus,,,,,,,,,,,,,,Siya Sandal,siyasandal@example.com,1720337951.0,Jadavpur University,3.0,siyasandal@example.com
,Dolorum,,,,,,,,,,,,,,Jivika Barad,jivikabarad@example.com,5043802453.0,Heritage Institute of Technology,2.0,"jivikabarad@example.com, aradhyahanda@example.com, alialuthra@example.com"
,Quibusdam perferendis,,,,,,,,,,,,,,Ishita Tandon,ishitatandon@example.com,919448803839.0,Jadavpur University,1.0,"ishitatandon@example.com, advikahayre@example.com, irakala@example.com"
,Vel mollitia,,,,,,,,,,,,,,Misha Borde,mishaborde@example.com,1777301293.0,Heritage Institute of Technology ,1.0,"mishaborde@example.com, zainaratti@example.com"
,Non,,,,,,,,,,,,,,Ivan Butala,ivanbutala@example.com,20086671.0,Jadavpur University,2.0,"ivanbutala@example.com, aarushdutta@example.com, reyanshlala@example.com"
,Fuga inventore,,,,,,,,,,,,,,Oorja Vasa,oorjavasa@example.com,6874221424.0,Jadavpur University ,1.0,"oorjavasa@example.com, zainabail@example.com, prerakbatta@example.com"
,Soluta pariatur,,,,,,,,,,,,,,Inaaya  Bail,inaayabail@example.com,1091292963.0,Jadavpur University,1.0,"inaayabail@example.com, alishasaraf@example.com, shaanbains@example.com"
,Laboriosam laboriosam,,,,,,,,,,,,,,Shray Subramaniam,shraysubramaniam@example.com,1991157894.0,Jadavpur University,1.0,shraysubramaniam@example.com
,Id,,,,,,,,,,,,,,Amira Deo,amiradeo@example.com,914122039484.0,Jadavpur University,2.0,"amiradeo@example.com, ahanahora@example.com, indranilchatterjee@example.com"
,Laboriosam,,,,,,,,,,,,,,Shamik Manda,shamikmanda@example.com,6265823534.0,Jadavpur University ,3.0,"shamikmanda@example.com, lakshayraju@example.com, advikdar@example.com"
,Volestias,,,,,,,,,,,,,,Ela Ghose,elaghose@example.com,910602419024.0,Jadavpur University,1.0,elaghose@example.com
,Ipsum ab,,,,,,,,,,,,,,Indranil Kumer,indranilkumer@example.com,333558103.0,Jadavpur University,1.0,indranilkumer@example.com
,Qui nostrum,,,,,,,,,,,,,,Zara Sura,zarasura@example.com,9602993648.0,Jadavpur University ,1.0,"zarasura@example.com, uthkarshdeol@example.com"
,Itaque illo,,,,,,,,,,,,,,Biju Dutta,bijudutta@example.com,6764043378.0,Jadavpur University,2.0,bijudutta@example.com
,Id necessitatibus,,,,,,,,,,,,,,Myra Soman,myrasoman@example.com,764975337.0,JADAVPUR UNIVERSITY,1.0,myrasoman@example.com
,Iure unde,,,,,,,,,,,,,,Darshit Kota,darshitkota@example.com,3331408017.0,Jadavpur University ,2.0,"darshitkota@example.com, arhaanmaster@example.com, ratichad@example.com"
,Occaecati dolores,,,,,,,,,,,,,,Anvi Jhaveri,anvijhaveri@example.com,2358125736.0,Jadavpur University ,1.0,"anvijhaveri@example.com, taradey@example.com, vritikamanne@example.com"
,Quod,,,,,,,,,,,,,,Hansh Ben,hanshben@example.com,918502694149.0,Heritage Institute of Technology ,1.0,"hanshben@example.com, veerwadhwa@example.com"
,Consequatur,,,,,,,,,,,,,,Alia Bandi,aliabandi@example.com,1066507907.0,Jadavpur University ,1.0,aliabandi@example.com
,Labore soluta,,,,,,,,,,,,,,Devansh Yohannan,devanshyohannan@example.com,599620618.0,Jadavpur University ,1.0,"devanshyohannan@example.com, taimurgarg@example.com"
,Laboriosam aspernatur,,,,,,,,,,,,,,Indrajit Dada,indrajitdada@example.com,3613209580.0,Jadavpur University ,1.0,"indrajitdada@example.com, nehmatbassi@example.com, samihakala@example.com"
,Nulla,,,,,,,,,,,,,,Purab Divan,purabdivan@example.com,7720318939.0,Jadavpur University,1.0,"purabdivan@example.com, piyavasa@example.com, anaysibal@example.com"
,Nisi minima,,,,,,,,,,,,,,Riya Koshy,riyakoshy@example.com,911197134221.0,Jadavpur University,3.0,riyakoshy@example.com
,Ad a,,,,,,,,,,,,,,Riaan Bala,riaanbala@example.com,4935175496.0,Jalpaiguri Government Engineering College ,1.0,"riaanbala@example.com, fatehsama@example.com"
,Corporis,,,,,,,,,,,,,,Umang Ramaswamy,umangramaswamy@example.com,7254844198.0,jadavpur university,1.0,"umangramaswamy@example.com, dhanukbhagat@example.com, nitarabrahmbhatt@example.com"
,Animi,,,,,,,,,,,,,,Ela Warrior,elawarrior@example.com,7550287369.0,Jadavpur University,1.0,"elawarrior@example.com, lakshitcomar@example.com"
,Similique,,,,,,,,,,,,,,Adah Mangal,adahmangal@example.com,7261056546.0,jadavpur university,2.0,"adahmangal@example.com, alialalla@example.com"
,Cupiditate distinctio,,,,,,,,,,,,,,Rasha Aggarwal,rashaaggarwal@example.com,3955266262.0,Jadavpur University,1.0,"rashaaggarwal@example.com, lakshitaggarwal@example.com"
,Error ad,,,,,,,,,,,,,,Diya Dada,diyadada@example.com,1735351614.0,JU,2.0,"diyadada@example.com, rheabora@example.com"
,Minus quasi,,,,,,,,,,,,,,Suhana Talwar,suhanatalwar@example.com,917498170808.0,Jadavpur University,1.0,"suhanatalwar@example.com, farhanbhatti@example.com, ryansamra@example.com"
,Volestiae,,,,,,,,,,,,,,Diya Sibal,diyasibal@example.com,7419836132.0,JADAVPUR UNIVERSITY,3.0,"diyasibal@example.com, advikadyal@example.com"
,Possimus exercitationem,,,,,,,,,,,,,,Tara Sinha,tarasinha@example.com,4236294009.0,Jadavpur University,2.0,"tarasinha@example.com, jayeshmall@example.com, jivikamallick@example.com"
,Blanditiis eligendi,,,,,,,,,,,,,,Ahana  Mahajan,ahanamahajan@example.com,916530970730.0,Jadavpur University ,1.0,ahanamahajan@example.com
,Et,,,,,,,,,,,,,,Nakul Swaminathan,nakulswaminathan@example.com,2825376360.0,JADAVPUR UNIVERSITY,2.0,"nakulswaminathan@example.com, purabedwin@example.com"
,Placeat eaque,,,,,,,,,,,,,,Kaira Karpe,kairakarpe@example.com,912883974944.0,Jadavpur University,1.0,kairakarpe@example.com
,Saepe praesentium,,,,,,,,,,,,,,Tanya Das,tanyadas@example.com,3633313752.0,Jadavpur University,1.0,"tanyadas@example.com, ratisandhu@example.com"
,Veniam a,,,,,,,,,,,,,,Vardaniya Upadhyay,vardaniyaupadhyay@example.com,368310383.0,Jadavpur University,1.0,"vardaniyaupadhyay@example.com, kabirdyal@example.com"
,Libero soluta,,,,,,,,,,,,,,Umang De,umangde@example.com,2632201661.0,JADAVPUR UNIVERSITY,1.0,"umangde@example.com, samarkar@example.com"
,Odio praesentium,,,,,,,,,,,,,,Ehsaan Rau,ehsaanrau@example.com,5247036335.0,Jadavpur University,4.0,"ehsaanrau@example.com, yashvichakraborty@example.com"
,Incidunt libero,,,,,,,,,,,,,,Tejas Upadhyay,tejasupadhyay@example.com,6372451250.0,Jadhavpur University,1.0,"tejasupadhyay@example.com, farhansarin@example.com, anyadora@example.com"
,Volestias qui,,,,,,,,,,,,,,Jayan Balakrishnan,jayanbalakrishnan@example.com,946098500.0,Jadavpur University ,1.0,"jayanbalakrishnan@example.com, tiyakannan@example.com"
,Adipisci eos,,,,,,,,,,,,,,Nakul Som,nakulsom@example.com,3720111394.0,JADAVPUR UNIVERSITY ,2.0,"nakulsom@example.com, yuvaanlanka@example.com"
,Et libero,,,,,,,,,,,,,,Amira Gade,amiragade@example.com,913221779533.0,Jadavpur University,1.0,amiragade@example.com
,Voluptatem,,,,,,,,,,,,,,Zara Warrior,zarawarrior@example.com,917964677891.0,UNIVERSITY OF CALCUTTA,2.0,"zarawarrior@example.com, armaanbahri@example.com, mishtimann@example.com"
,Provident adipisci,,,,,,,,,,,,,,Kanav Tailor,kanavtailor@example.com,4878116808.0,Jadavpur University,3.0,"kanavtailor@example.com, neelofarbarman@example.com, bhavinwadhwa@example.com"
,Beatae,,,,,,,,,,,,,,Saira Tara,sairatara@example.com,4990115864.0,Jadavpur University,2.0,"sairatara@example.com, nehmatravi@example.com"
,Eligendi enim,,,,,,,,,,,,,,Tushar Krish,tusharkrish@example.com,914793975094.0,university of calcutta,2.0,"tusharkrish@example.com, jivikabhat@example.com"
,Voluptate explicabo,,,,,,,,,,,,,,Aarush Rana,aarushrana@example.com,919175168327.0,RCCIIT,2.0,aarushrana@example.com
,Voluptas soluta,,,,,,,,,,,,,,Ehsaan Andra,ehsaanandra@example.com,910976709890.0,"St. Xavier's College (Autonomous), Kolkata",3.0,"ehsaanandra@example.com, emirsarraf@example.com"
,Maxime impedit,,,,,,,,,,,,,,Mannat D’Alia,mannatdalia@example.com,5575483692.0,Jadavpur University ,2.0,"mannatdalia@example.com, aayushsawhney@example.com"
,Pariatur explicabo,,,,,,,,,,,,,,Aniruddh Toor,aniruddhtoor@example.com,5632252563.0,Jadavpur University,2.0,"aniruddhtoor@example.com, indrajitsaini@example.com, arnavdeep@example.com"
,Culque facere,,,,,,,,,,,,,,Nitya Koshy,nityakoshy@example.com,1171986717.0,Jadavpur University,2.0,"nityakoshy@example.com, tarakota@example.com"
,Recusandae harum,,,,,,,,,,,,,,Lakshit Gill,lakshitgill@example.com,4930511529.0,Jadavpur University ,3.0,"lakshitgill@example.com, elakshichaudhry@example.com"
,Volestias unde,,,,,,,,,,,,,,Advika Majumdar,advikamajumdar@example.com,3541659987.0,JADAVPUR UNIVERSITY,1.0,"advikamajumdar@example.com, priyanshbarman@example.com, manikyawagle@example.com"
,Eaque molestiae,,,,,,,,,,,,,,Ahana  Kalita,ahanakalita@example.com,2896483698.0,Jadavpur University ,1.0,ahanakalita@example.com
,Laboriosam laborum,,,,,,,,,,,,,,Bhamini Loke,bhaminiloke@example.com,9208256908.0,Jadavpur University,1.0,bhaminiloke@example.com
,Quaerat dolores,,,,,,,,,,,,,,Tushar Bava,tusharbava@example.com,1174938675.0,JADAVPUR UNIVERSITY ,2.0,tusharbava@example.com
,Laborum,,,,,,,,,,,,,,Diya Singh,diyasingh@example.com,915622964592.0,jadavpur university,1.0,"diyasingh@example.com, dharmajanmahajan@example.com"
,Rerum,,,,,,,,,,,,,,Abram Sahota,abramsahota@example.com,9478333106.0,Jadavpur University,2.0,"abramsahota@example.com, fatehkhanna@example.com"
,Distinctio necessitatibus,,,,,,,,,,,,,,Gokul Master,gokulmaster@example.com,949544467.0,JAdavpur University,1.0,"gokulmaster@example.com, vritikakamdar@example.com, reneevarkey@example.com"
,Mollitia incidunt,,,,,,,,,,,,,,Kaira Thaman,kairathaman@example.com,6061925721.0,Jadavpur University ,1.0,"kairathaman@example.com, mamootymaharaj@example.com, taimurkeer@example.com"
,Omnis doloremque,,,,,,,,,,,,,,Aaryahi Bhargava,aaryahibhargava@example.com,911568575722.0,Jadavpur University ,3.0,"aaryahibhargava@example.com, zaindutta@example.com"
,Consequuntur corporis,,,,,,,,,,,,,,Saira Sharma,sairasharma@example.com,918518779124.0,"Sambalpur University Institute of Information Technology (SUIIT), Sambalpur University",2.0,"sairasharma@example.com, amirasidhu@example.com"
,Facere,,,,,,,,,,,,,,Hansh Bali,hanshbali@example.com,722214485.0,Jadavpur University,3.0,hanshbali@example.com
,Laborum voluptatum,,,,,,,,,,,,,,Pranay Bail,pranaybail@example.com,2089623100.0,Jadavpur University ,2.0,"pranaybail@example.com, aayushsha@example.com"
,Repudiandae perferendis,,,,,,,,,,,,,,Drishya Sabharwal,drishyasabharwal@example.com,2595108434.0,Jadavpur University ,1.0,drishyasabharwal@example.com
,In eveniet,,,,,,,,,,,,,,Tushar Ganguly,tusharganguly@example.com,4953441391.0,Jadavpur University,3.0,tusharganguly@example.com
,Fugit quam,,,,,,,,,,,,,,Ayesha Sood,ayeshasood@example.com,3027610142.0,Jadavpur University ,2.0,ayeshasood@example.com
,Vitae iusto,,,,,,,,,,,,,,Sumer Mann,sumermann@example.com,7909575248.0,Techno India Uni,1.0,sumermann@example.com
,Reprehenderit necessitatibus,,,,,,,,,,,,,,Baiju Chaudhuri,baijuchaudhuri@example.com,2095962885.0,Jalpaiguri Government Engineering College ,1.0,"baijuchaudhuri@example.com, paridugal@example.com, ishaanaggarwal@example.com"
,Incidunt alias,,,,,,,,,,,,,,Ritvik Dalal,ritvikdalal@example.com,8926593501.0,JU,3.0,ritvikdalal@example.com
,Adipisci accusamus,,,,,,,,,,,,,,Anya Gola,anyagola@example.com,9077133972.0,Jadavpur  University ,1.0,"anyagola@example.com, ahanadixit@example.com"
,Architecto,,,,,,,,,,,,,,Yuvraj  Handa,yuvrajhanda@example.com,915749868321.0,Jadavpur University,3.0,yuvrajhanda@example.com
,Illum aliquam,,,,,,,,,,,,,,Aarush Arora,aarusharora@example.com,5374205510.0,Jadavpur University,3.0,"aarusharora@example.com, yasminvarty@example.com"
,Laudantium a,,,,,,,,,,,,,,Dishani Bakshi,dishanibakshi@example.com,4301911647.0,Jadavpur University,1.0,"dishanibakshi@example.com, raunakvarughese@example.com, krishkarnik@example.com"
,Aut minima,,,,,,,,,,,,,,Hunar Kothari,hunarkothari@example.com,7606541224.0,Jadavpur University ,1.0,hunarkothari@example.com
,Culpa eveniet,,,,,,,,,,,,,,Sara Bhat,sarabhat@example.com,1778474883.0,Jadavpur University ,2.0,"sarabhat@example.com, anyaranganathan@example.com, inaayamammen@example.com"
,Ipsa numquam,,,,,,,,,,,,,,Lakshit Kala,lakshitkala@example.com,4410940172.0,Jadavpur University ,1.0,"lakshitkala@example.com, bijucherian@example.com"
,Illum necessitatibus,,,,,,,,,,,,,,Hrishita Jani,hrishitajani@example.com,910836705358.0,Jadavpur University,2.0,"hrishitajani@example.com, stuvangupta@example.com, romilrama@example.com"
,Laboriosam accusantium,,,,,,,,,,,,,,Manjari Sur,manjarisur@example.com,910309828699.0,NETAJI SHUBASH ENGINEERING COLLEGE,1.0,manjarisur@example.com
,Exercitationem,,,,,,,,,,,,,,Tanya Apte,tanyaapte@example.com,912042445120.0,St. Xavier's College Kolkata (Autonomous),1.0,tanyaapte@example.com
,Error,,,,,,,,,,,,,,Indranil Shroff,indranilshroff@example.com,6258093746.0,Jadavpur University ,1.0,"indranilshroff@example.com, indranschaudhary@example.com"
,Amet doloribus,,,,,,,,,,,,,,Yuvaan Sundaram,yuvaansundaram@example.com,916430691289.0,Jadavpur University,1.0,"yuvaansundaram@example.com, tiyadhillon@example.com"
,Eum voluptate,,,,,,,,,,,,,,Anaya Karpe,anayakarpe@example.com,9770233127.0,JADAVPUR UNIVERSITY,1.0,"anayakarpe@example.com, siyachakrabarti@example.com"
,Maxime,,,,,,,,,,,,,,Keya Chanda,keyachanda@example.com,913827983751.0,Jadavpur University,2.0,keyachanda@example.com
,Ea mollitia,,,,,,,,,,,,,,Ahana  Venkatesh,ahanavenkatesh@example.com,5384753072.0,Netaji Subhash Engineering College ,3.0,ahanavenkatesh@example.com
,Minima nostrum,,,,,,,,,,,,,,Mishti Gola,mishtigola@example.com,5372173703.0,Jadavpur University ,2.0,mishtigola@example.com
,Aut,,,,,,,,,,,,,,Suhana Brahmbhatt,suhanabrahmbhatt@example.com,3486613428.0,Jadavpur University ,4.0,suhanabrahmbhatt@example.com
,Esse tenetur,,,,,,,,,,,,,,Priyansh Bail,priyanshbail@example.com,114642090.0,Jadavpur University ,1.0,priyanshbail@example.com
,Quis quaerat,,,,,,,,,,,,,,Ranbir Dhawan,ranbirdhawan@example.com,9705686670.0,Jadavpur University,1.0,"ranbirdhawan@example.com, fatehsastry@example.com, nayantaradave@example.com"
,Ea,,,,,,,,,,,,,,Vaibhav Gara,vaibhavgara@example.com,3484475187.0,Jadavpur University,2.0,"vaibhavgara@example.com, aaravtoor@example.com"
,Quasi sit,,,,,,,,,,,,,,Rati Cheema,raticheema@example.com,919853121398.0,Jadavpur University,2.0,raticheema@example.com
,Inventore aut,,,,,,,,,,,,,,Fateh Date,fatehdate@example.com,9539537921.0,Jalpaiguri Government Engineering College ,1.0,"fatehdate@example.com, aliasankar@example.com"
,Temporibus,,,,,,,,,,,,,,Shray Jaggi,shrayjaggi@example.com,918786952043.0,Jadavpur university ,2.0,"shrayjaggi@example.com, hridaanwarrior@example.com, ahanachaudhari@example.com"
,Ab quasi,,,,,,,,,,,,,,Ritvik Kaur,ritvikkaur@example.com,3940885478.0,Jadavpur University,4.0,"ritvikkaur@example.com, drishyajohal@example.com"
,A natus,,,,,,,,,,,,,,Samiha Amble,samihaamble@example.com,918066106332.0,Heritage Institute Of Technology ,1.0,samihaamble@example.com
,Ad eum,,,,,,,,,,,,,,Trisha Keer,trishakeer@example.com,9717954864.0,Jadavpur University,1.0,"trishakeer@example.com, drishyadixit@example.com, adviktrivedi@example.com"
,Necessitatibus omnis,,,,,,,,,,,,,,Prerak Sachdeva,preraksachdeva@example.com,1946988095.0,St.Xaviers College Autonomous ,1.0,"preraksachdeva@example.com, tejaskannan@example.com, ayeshalad@example.com"
,Deserunt,,,,,,,,,,,,,,Indrajit Desai,indrajitdesai@example.com,915719983932.0,Jadavpur University ,3.0,indrajitdesai@example.com
,Minus mollitia,,,,,,,,,,,,,,Elakshi Karpe,elakshikarpe@example.com,5573995171.0,Jadavpur University,3.0,"elakshikarpe@example.com, devanshrama@example.com"
,Voluptatibus,,,,,,,,,,,,,,Kabir Chada,kabirchada@example.com,910873216500.0,Jadavpur University,1.0,"kabirchada@example.com, yuvrajdara@example.com"
,Magnam id,,,,,,,,,,,,,,Ishaan Iyengar,ishaaniyengar@example.com,917629600419.0,Jadavpur University,3.0,"ishaaniyengar@example.com, kavyaraval@example.com"
,Facilis facilis,,,,,,,,,,,,,,Mahika Kadakia,mahikakadakia@example.com,917889878038.0,RCC Institute Of Information Technology,1.0,mahikakadakia@example.com
,Quis,,,,,,,,,,,,,,Ela Chaudry,elachaudry@example.com,2599283146.0,Haldia institute of technology ,2.0,elachaudry@example.com
,Tempora quod,,,,,,,,,,,,,,Tushar Chaudhari,tusharchaudhari@example.com,3123788242.0,Jadavpur University,1.0,"tusharchaudhari@example.com, reneelanka@example.com, indranildass@example.com"
,Consequuntur incidunt,,,,,,,,,,,,,,Nehmat Sawhney,nehmatsawhney@example.com,917474056852.0,"Heritage Institute of Technology, Kolkata",1.0,"nehmatsawhney@example.com, parinaazdugar@example.com, amanikar@example.com"
,Quisquam,,,,,,,,,,,,,,Jhanvi Choudhury,jhanvichoudhury@example.com,2453845926.0,Jadavpur University,2.0,jhanvichoudhury@example.com
,Dolores dolores,,,,,,,,,,,,,,Emir Vyas,emirvyas@example.com,6324050813.0,JU,2.0,"emirvyas@example.com, dhanukkorpal@example.com, ojaskale@example.com"
,Atque,,,,,,,,,,,,,,Akarsh Din,akarshdin@example.com,6904501084.0,JU,2.0,"akarshdin@example.com, sakshamdate@example.com"
,Ab eius,,,,,,,,,,,,,,Aaryahi Gara,aaryahigara@example.com,9207423064.0,Sister Nivedita University (SNU),3.0,"aaryahigara@example.com, shlokvarughese@example.com, krishmadan@example.com"
,Harum corrupti,,,,,,,,,,,,,,Anaya Ratti,anayaratti@example.com,919080297730.0,jadavpur university,2.0,"anayaratti@example.com, sanamajumdar@example.com, aniruddhbava@example.com"
,Repudiandae,,,,,,,,,,,,,,Tarini Karan,tarinikaran@example.com,6449838116.0,"JADAVPUR UNIVERSITY, KOLKATA",2.0,"tarinikaran@example.com, anahichandran@example.com, divyanshdugal@example.com"
,Quae delectus,,,,,,,,,,,,,,Yakshit Sarna,yakshitsarna@example.com,919626300878.0,Jadavpur University,3.0,"yakshitsarna@example.com, anyabhatnagar@example.com, nirvibuch@example.com"
,Unde,,,,,,,,,,,,,,Ivana Dhillon,ivanadhillon@example.com,8235233523.0,jalpaiguri government engineering college,1.0,"ivanadhillon@example.com, riyathakur@example.com"
,Sint consectetur,,,,,,,,,,,,,,Anahita Shetty,anahitashetty@example.com,8892115993.0,St. Xavier's college ,1.0,"anahitashetty@example.com, zaindani@example.com, kashvitandon@example.com"
,Ipsam enim,,,,,,,,,,,,,,Indranil Bhasin,indranilbhasin@example.com,3093665172.0,Jadavpur University ,1.0,"indranilbhasin@example.com, advikabhardwaj@example.com"
,Tempore,,,,,,,,,,,,,,Keya Rattan,keyarattan@example.com,915127852121.0,Jadavpur University ,1.0,keyarattan@example.com
,Nihil,,,,,,,,,,,,,,Neelofar Bhavsar,neelofarbhavsar@example.com,6292098712.0,Jadavpur University,2.0,"neelofarbhavsar@example.com, shanayaiyengar@example.com"
,Laboriosam vel,,,,,,,,,,,,,,Divyansh Tiwari,divyanshtiwari@example.com,4371152331.0,Brainware University,2.0,"divyanshtiwari@example.com, arhaanraju@example.com, nirvaanvohra@example.com"
,Officiis quaerat,,,,,,,,,,,,,,Shaan Subramaniam,shaansubramaniam@example.com,2860305971.0,Heritage Institute of Technology technology ,1.0,"shaansubramaniam@example.com, dishanibabu@example.com"
,Rerum repudiandae,,,,,,,,,,,,,,Tushar Chaudhari,tusharchaudhari@example.com,2752979965.0,JU,5.0,tusharchaudhari@example.com
,Numquam,,,,,,,,,,,,,,Urvi Apte,urviapte@example.com,7323415510.0,"University of Engineering and Management, Kolkata",2.0,"urviapte@example.com, arnavbedi@example.com"
,Occaecati rerum,,,,,,,,,,,,,,Farhan Varma,farhanvarma@example.com,3430854416.0,Jadavpur University,2.0,"farhanvarma@example.com, mohanlalbhalla@example.com"
,Fugit,,,,,,,,,,,,,,Anay D’Alia,anaydalia@example.com,215064612.0,Jadavpur University,2.0,anaydalia@example.com
,Dolorum beatae,,,,,,,,,,,,,,Lagan Doctor,lagandoctor@example.com,6790467347.0,"Heritage Institute of Technology, Kolkata",1.0,"lagandoctor@example.com, anaysarin@example.com, romilrege@example.com"
,Mollitia officia,,,,,,,,,,,,,,Saanvi Balan,saanvibalan@example.com,914400580475.0,Jadavpur University,4.0,"saanvibalan@example.com, zaramaharaj@example.com, aarushborah@example.com"
,Facilis,,,,,,,,,,,,,,Tanya Rout,tanyarout@example.com,4133189216.0,Jadavpur University,1.0,"tanyarout@example.com, keyagoswami@example.com"
,Iure dolore,,,,,,,,,,,,,,Keya Chaudhari,keyachaudhari@example.com,5874814825.0,Jadavpur University ,3.0,"keyachaudhari@example.com, nitarakumar@example.com"
,Voluptatem illum,,,,,,,,,,,,,,Neelofar Dugar,neelofardugar@example.com,9058597207.0,Jadavpur University ,1.0,"neelofardugar@example.com, urvideshpande@example.com"
,Impedit nobis,,,,,,,,,,,,,,Divyansh Venkataraman,divyanshvenkataraman@example.com,912619396215.0,Jadavpur University,3.0,"divyanshvenkataraman@example.com, divijbhatt@example.com, hazelchatterjee@example.com"
,Quia,,,,,,,,,,,,,,Anahi Ahuja,anahiahuja@example.com,5839334973.0,JADAVPUR UNIVERSITY,4.0,"anahiahuja@example.com, ryansule@example.com, zarawali@example.com"
,Sed,,,,,,,,,,,,,,Dhanush Sethi,dhanushsethi@example.com,918173423765.0,Jadavpur University,1.0,dhanushsethi@example.com
,Porro earum,,,,,,,,,,,,,,Anika Dani,anikadani@example.com,8389476791.0,Jadavpur University,4.0,"anikadani@example.com, yuvaanhans@example.com, reyanshbhatti@example.com"
,Quam,,,,,,,,,,,,,,Drishya Ram,drishyaram@example.com,916772011569.0,Jadavpur University ,2.0,"drishyaram@example.com, baijutripathi@example.com"
,Ea illum,,,,,,,,,,,,,,Tara Ramachandran,tararamachandran@example.com,5194068516.0,Jadavpur University,3.0,"tararamachandran@example.com, ojasagrawal@example.com"
,Aliquam,,,,,,,,,,,,,,Zain Karan,zainkaran@example.com,94401773.0,Jalpaiguri Government Engineering College,3.0,"zainkaran@example.com, adahmalhotra@example.com"
,Dolores eum,,,,,,,,,,,,,,Shayak Baria,shayakbaria@example.com,5707628016.0,Jadavpur University,1.0,shayakbaria@example.com
,Maxime laboriosam,,,,,,,,,,,,,,Charvi Bhatti,charvibhatti@example.com,9714008896.0,Jadavpur University,1.0,charvibhatti@example.com
